benchmark,total_time,solved
3.1,10.965849407999485,True
3.2,11.134866731998045,True
3.3,10.996641728001123,True
