benchmark,total_time,solved
3.1,5.101778253003431,True
3.2,5.092374068000936,True
3.3,5.095951171002525,True
3.4,5.0968774469984055,True
3.5,5.109362023998983,True
