benchmark,total_time,solved
3.1,10.09961277000184,True
3.2,10.098349307001627,True
3.3,10.119972306998534,True
3.4,10.100808154998958,True
3.5,10.102529939002125,True
