benchmark,total_time,solved
2.1,0.12009406089782715,True
2.2,0.11883950233459473,True
2.3,0.11956405639648438,True
2.4,0.11917304992675781,True
2.5,0.11961483955383301,True
2.6,0.1213068962097168,True
2.7,0.1189124584197998,True
2.8,0.11278486251831055,True
2.9,0.11899614334106445,True
2.10,0.12341809272766113,True
