benchmark,total_time,solved
2.1,0.02349066734313965,True
2.2,0.01973748207092285,True
2.3,0.018779516220092773,True
2.4,0.020792722702026367,True
2.5,0.022227764129638672,True
2.6,0.017255544662475586,True
2.7,0.021347522735595703,True
2.8,0.013024568557739258,True
2.9,0.016556501388549805,True
2.10,0.02040410041809082,True
