benchmark,total_time,solved
3.1,0.0715727919996425,True
3.2,0.06721859000026598,True
3.3,0.060964289001276484,True
3.4,0.060715686002367875,True
3.5,0.06897019199823262,True
3.6,0.06073923500298406,True
3.7,0.06132250699738506,True
3.8,0.06268900900249719,True
3.9,0.06156211600318784,True
3.10,0.061838549001549836,True
4.1,33.35653286999877,True
