benchmark,total_time,solved
3.1,10.078727948999585,True
3.2,10.090707949999342,True
3.3,10.112334386998555,True
3.4,10.086996862999513,True
3.5,10.103271618998406,True
